{"surface_decohesion_unrelaxed_opening": [0.0, 0.09999999999999999, 0.19999999999999998, 0.3, 0.39999999999999997, 0.5, 0.6, 0.7000000000000001, 0.7999999999999999, 0.8999999999999999, 1.0, 1.1, 1.2, 1.3, 1.4000000000000001, 1.5, 1.5999999999999999, 1.7, 1.7999999999999998, 1.9, 2.0, 2.1, 2.2, 2.3, 2.4, 2.5, 2.6, 2.7, 2.8000000000000003, 2.9000000000000004, 3.0, 3.0999999999999996, 3.1999999999999997, 3.3, 3.4, 3.5], "surface_decohesion_unrelaxed_energy": [0.0, 0.0021015912562685015, 0.009179052391559629, 0.020372768365962305, 0.03471685698138588, 0.051239037986656605, 0.06905841555069339, 0.08746886398073815, 0.10584458056142944, 0.12357649367167052, 0.1401277408247843, 0.15515366110212664, 0.1685775370491631, 0.1805471680325184, 0.19129880409671043, 0.20101906968832378, 0.20978191817120648, 0.21758808138384678, 0.22437596112488767, 0.23012257553323986, 0.23492648381620407, 0.23897479237633945, 0.24247192269988968, 0.2455731290529531, 0.24835267334158903, 0.2508157439829674, 0.2529484381036184, 0.25479825175867377, 0.2564263943789525, 0.2578683960604439, 0.25917129257244526, 0.2603531528087886, 0.2614264455031244, 0.26239821902416927, 0.26327379545173984, 0.2640607570165655], "surface_decohesion_unrelaxed_stress": [-0.006638655750067849, 0.04728287141661801, 0.09287874183038465, 0.12933747455265773, 0.15590549765377176, 0.17302862345308365, 0.1822267656131196, 0.18495909391688425, 0.18152180904142606, 0.1721825606453835, 0.15824275627768442, 0.14216143715756102, 0.12660538182343387, 0.1132222434604571, 0.10214365576115896, 0.0923601831690688, 0.08290903379744799, 0.07307403250682978, 0.0626161247856695, 0.05249629283228471, 0.043914384624682654, 0.03741267396197164, 0.03279808603799535, 0.02934508218445544, 0.026244104475167396, 0.022956947815305613, 0.019801047124488585, 0.017314096957930222, 0.015281253303814076, 0.013665218879919411, 0.012404816981291282, 0.011258215645256215, 0.010216908358061938, 0.009226137383914562, 0.008299040564738402, 0.0074538401290186115]}