{"bulk_struct_test": "bulk_Si_diamond", "bulk_E_per_atom": -163.17671019758714, "defects": {"ind_0_Z_14": {"Ef0": 3.7837048023247917, "Ef": 3.5306873872123106, "unrelaxed_filename": "Si-model-Si_jl_ACE-test-point_defect_Si_diamond_vacancy-ind_0_Z_14-unrelaxed.xyz", "relaxed_filename": "Si-model-Si_jl_ACE-test-point_defect_Si_diamond_vacancy-ind_0_Z_14-relaxed.xyz", "atom_ind": 0, "Z": 14, "vac_pos": [2.664457985604797, 2.664498265413918, 0.019949888169348638]}}}