{"surface_decohesion_unrelaxed_opening": [0.0, 0.1, 0.2, 0.30000000000000004, 0.4, 0.5, 0.6000000000000001, 0.7, 0.8, 0.8999999999999999, 1.0, 1.0999999999999999, 1.2000000000000002, 1.3, 1.4, 1.5, 1.6, 1.7, 1.7999999999999998, 1.9, 2.0, 2.0999999999999996, 2.1999999999999997, 2.3000000000000003, 2.4000000000000004, 2.5, 2.6, 2.7, 2.8, 2.9, 3.0], "surface_decohesion_unrelaxed_energy": [0.0, 0.0011382558550146055, 0.004494182160086278, 0.009290628248853981, 0.015070304315905753, 0.0215739172303919, 0.028561140435618974, 0.03573184567094003, 0.042806224920276977, 0.04962182774635247, 0.056129529675736194, 0.062296953137024706, 0.0680333000372583, 0.07320892003643378, 0.0777104125270682, 0.08148462658420065, 0.0845496493590823, 0.08698141979933222, 0.08889687388778712, 0.09041643986324002, 0.09165297607941444, 0.09269700134035198, 0.09360574400420188, 0.09440235607874213, 0.09510397770790334, 0.09570514637016571, 0.096206741682159, 0.09659692619276299, 0.09686839352427787, 0.09702463759207694, 0.09708172248210994], "surface_decohesion_unrelaxed_stress": [-0.0025368264733313926, 0.02388642718702744, 0.04181658252780995, 0.05341841451691394, 0.061793424079118454, 0.06790655861275, 0.07130542506127813, 0.07160959435858152, 0.06960873204413608, 0.06665493972724754, 0.0634706517106505, 0.05971621515031779, 0.0547775985337407, 0.04853239769699086, 0.04140618537259376, 0.03411405724564046, 0.027314690605267367, 0.02153097678723717, 0.01697813810692895, 0.01360707270228204, 0.011276636832761247, 0.0097032242800308, 0.0084935037907386, 0.007483402708719, 0.006519896485428845, 0.005520720092273145, 0.004480142373149631, 0.0033121050930469756, 0.002120992518228756, 0.0010352668134563758, 0.00013780896290761777]}