{"surface_decohesion_unrelaxed_opening": [0.0, 0.09999999999999999, 0.19999999999999998, 0.3, 0.39999999999999997, 0.5, 0.6, 0.7000000000000001, 0.7999999999999999, 0.8999999999999999, 1.0, 1.1, 1.2, 1.3, 1.4000000000000001, 1.5, 1.5999999999999999, 1.7, 1.7999999999999998, 1.9, 2.0, 2.1, 2.2, 2.3, 2.4, 2.5, 2.6, 2.7, 2.8000000000000003, 2.9000000000000004, 3.0, 3.0999999999999996, 3.1999999999999997, 3.3, 3.4, 3.5], "surface_decohesion_unrelaxed_energy": [0.0, 0.001009295209783623, 0.004213060321536754, 0.00902786211391873, 0.01501764275911223, 0.02185743787502976, 0.029266084094906025, 0.03694924044819851, 0.04460715510322575, 0.052017721475215155, 0.05906538470818027, 0.0657174503194808, 0.07195955987564692, 0.07774673053591008, 0.08300696563754903, 0.08768088457092398, 0.0917585480224411, 0.09529029587146659, 0.09837239848512795, 0.10107714648388738, 0.10345366611139595, 0.10552770907444517, 0.10730875826355449, 0.10880704514748386, 0.11003065246111621, 0.11100412087718743, 0.1117712822920437, 0.11236981701917706, 0.11282933166372883, 0.11317040740064507, 0.11340510726040182, 0.11354476015008162, 0.11361607677245568, 0.11363567095099081, 0.11362060810251516, 0.11359007857985884], "surface_decohesion_unrelaxed_stress": [-0.002932161027698793, 0.022091683415527513, 0.04095723701169136, 0.05463637566176027, 0.06463473346853174, 0.07171196329744352, 0.07597065341550838, 0.07715950023558522, 0.07562347589174301, 0.07240102700794265, 0.06851930422512087, 0.06451362141954273, 0.06025146512070763, 0.05535892459050527, 0.049735009374334775, 0.043725658962572744, 0.03790982632213685, 0.03291737476515907, 0.028836188497832413, 0.02534338961613472, 0.02222828182566817, 0.01926036079792581, 0.0163830395473838, 0.013587563203700258, 0.010923533564668256, 0.008630574428733558, 0.006773063648222091, 0.005248055238067021, 0.003976196550063773, 0.0028648700057180175, 0.0018375913272537137, 0.0010153471683633393, 0.00043010536090949, -8.444584725606844e-06, -0.00026038712022367764, -0.00031777806833881123]}